Timestamp,Yaw,Pitch,Roll,Voltage,Current_mA,Power_mW,dt_seconds,Interval_Energy_mJ,Cumulative_Energy_mJ,Cumulative_Energy_J
0.0,359.94,-6.56,2.62,7.95,907.6,7215.42,0.2032279968261718,1466.3753528594964,1466.3753528594964,1.4663753528594965
0.2032279968261718,359.94,-6.56,2.62,7.94,873.3,6934.002,0.13167452812194833,913.031441346646,2379.4067942061424,2.3794067942061425
0.3349025249481201,359.94,-6.56,2.62,7.95,846.8,6732.0599999999995,0.07590222358703608,510.97832332134203,2890.3851175274845,2.8903851175274844
0.4108047485351562,359.94,-6.56,2.62,7.95,871.9,6931.605,0.056151390075683594,389.21925620555874,3279.6043737330433,3.279604373733043
0.4669561386108398,359.94,-6.56,2.62,7.95,833.1,6623.145,0.06397867202758795,423.740021746159,3703.3443954792024,3.7033443954792022
0.5309348106384277,359.94,-6.56,2.62,7.95,804.4,6394.98,0.07589578628540039,485.35203537940976,4188.696430858612,4.188696430858612
0.6068305969238281,359.94,-6.56,2.62,7.97,843.9,6725.883,0.06266427040100098,421.47255099749566,4610.168981856108,4.610168981856108
0.6694948673248291,359.94,-6.56,2.62,7.95,776.5,6173.175,0.06724166870117188,415.0945881843567,5025.263570040464,5.025263570040464
0.736736536026001,359.94,-6.56,2.62,7.95,892.2,7092.990000000001,0.06483793258666992,459.89480745792395,5485.158377498388,5.485158377498388
0.8015744686126709,359.94,-6.56,2.62,7.96,861.8,6859.928,0.06350493431091309,435.6392770175934,5920.797654515982,5.920797654515982
0.865079402923584,359.94,-6.56,2.62,7.95,793.5,6308.325,0.07259440422058105,457.94909500479696,6378.746749520778,6.378746749520778
0.937673807144165,359.94,-6.56,2.62,7.95,878.6,6984.87,0.0691671371459961,483.12346123695374,6861.870210757732,6.861870210757732
1.0068409442901611,359.94,-6.56,2.62,7.96,875.6,6969.776,0.06302404403686523,439.2634695510864,7301.133680308818,7.301133680308818
1.0698649883270264,4.0,-6.56,2.62,7.95,852.1,6774.195000000001,0.06364011764526367,431.110566751957,7732.244247060775,7.732244247060775
1.13350510597229,359.94,-6.56,2.62,7.95,801.4,6371.13,0.3191366195678711,2033.2608910274505,9765.505138088225,9.765505138088225
1.4526417255401611,359.94,-6.56,2.62,7.95,864.2,6870.39,0.12683820724487305,871.4279506731034,10636.933088761329,10.636933088761328
1.5794799327850342,359.94,-6.56,2.62,7.95,838.3,6664.485,0.12761235237121582,850.4706081926822,11487.40369695401,11.48740369695401
1.70709228515625,359.94,-6.56,2.62,7.95,797.1,6336.945000000001,0.1912577152252195,1211.9896222078787,12699.393319161889,12.699393319161889
1.8983500003814695,359.94,-6.56,2.62,7.96,813.4,6474.664,0.06371545791625977,412.5361816139221,13111.929500775812,13.111929500775812
1.9620654582977293,359.94,-6.56,2.62,7.96,850.7,6771.572,0.25403237342834495,1720.1985070009248,14832.128007776737,14.832128007776737
2.216097831726074,4.0,-6.56,2.62,7.95,861.1,6845.745,0.1904451847076416,1303.739170986414,16135.86717876315,16.13586717876315
2.406543016433716,359.94,-6.56,2.62,7.94,869.4,6903.036,0.12743210792541504,879.6684285650254,17015.535607328176,17.015535607328175
2.533975124359131,359.94,-6.56,2.62,7.95,881.4,7007.13,0.06409215927124023,449.1020919942856,17464.637699322462,17.464637699322463
2.598067283630371,359.94,-6.56,2.62,7.94,807.0,6407.58,0.13240504264831543,848.3959031724929,18313.033602494954,18.313033602494954
2.7304723262786865,359.94,-6.56,2.62,7.96,899.5,7160.0199999999995,0.05920124053955078,423.88206628799435,18736.91566878295,18.73691566878295
2.7896735668182373,359.94,-6.56,2.62,7.96,867.1,6902.116,0.1296558380126953,894.8996340408326,19631.815302823783,19.63181530282378
2.9193294048309326,359.94,-6.56,2.62,7.95,743.8,5913.21,0.12512588500976562,739.8956344985962,20371.71093732238,20.37171093732238
3.0444552898406982,359.94,-6.56,2.62,7.95,865.8,6883.11,0.06398987770080566,440.4493671011925,20812.16030442357,20.81216030442357
3.108445167541504,359.94,-6.56,2.62,7.95,843.8,6708.21,0.13200998306274414,885.5506884813309,21697.7109929049,21.6977109929049
3.240455150604248,94.0,-6.56,2.62,7.94,839.8,6668.012,0.1926579475402832,1284.6455060939788,22982.35649899888,22.982356498998882
3.4331130981445312,359.94,-6.56,2.62,7.93,831.2,6591.416,0.11943697929382324,787.2588163089753,23769.615315307856,23.769615315307856
3.5525500774383545,359.94,-6.56,2.62,7.95,892.5,7095.375,0.06681132316589355,474.051392108202,24243.666707416058,24.243666707416057
3.619361400604248,4.0,-6.56,2.62,7.95,880.6,7000.77,0.1363973617553711,954.8865582561493,25198.553265672206,25.198553265672206
3.755758762359619,359.94,-6.56,2.62,7.95,892.7,7096.965,0.11881494522094727,843.22550770998,26041.778773382186,26.041778773382187
3.8745737075805664,359.94,-6.56,2.62,7.94,847.3,6727.562,0.06332254409790039,426.00634141635896,26467.785114798546,26.467785114798545
3.937896251678467,359.94,-6.56,2.62,7.96,898.6,7152.856,0.12769627571105957,913.3930718975067,27381.178186696052,27.38117818669605
4.065592527389526,4.0,-6.56,2.62,7.96,813.4,6474.664,0.1267995834350586,820.9846980819702,28202.162884778023,28.202162884778023
4.192392110824585,359.94,-6.56,2.62,7.95,888.2,7061.1900000000005,0.06398129463195801,451.7840778422356,28653.94696262026,28.65394696262026
4.256373405456543,359.94,-6.56,2.62,7.95,834.4,6633.48,0.1929924488067627,1280.2115493106842,29934.158511930942,29.934158511930942
4.449365854263306,359.94,-6.56,2.62,7.94,901.5,7157.910000000001,0.12535429000854492,897.2747259950639,30831.433237926005,30.831433237926007
4.574720144271851,359.94,-6.56,2.62,7.94,847.7,6730.738,0.12668991088867188,852.7165974349975,31684.149835361004,31.684149835361005
4.7014100551605225,359.94,-6.56,2.62,7.95,913.6,7263.12,0.0643928050994873,467.69267057418824,32151.842505935194,32.15184250593519
4.76580286026001,359.94,-6.56,2.62,7.94,783.4,6220.196,0.19096684455871582,1187.851202656746,33339.69370859194,33.339693708591945
4.956769704818726,4.0,-6.56,2.62,7.93,860.7,6825.351000000001,0.31586384773254395,2155.8816289851666,35495.57533757711,35.49557533757711
5.2726335525512695,359.94,-6.56,2.62,7.94,895.3,7108.682,0.12578105926513672,894.1375519390106,36389.71288951612,36.38971288951612
5.398414611816406,359.94,-6.56,2.62,7.96,850.6,6770.776,0.12676763534545898,858.3152629737854,37248.02815248991,37.24802815248991
5.525182247161865,359.94,-6.56,2.62,7.94,849.7,6746.618,0.31670141220092773,2136.663448180199,39384.69160067011,39.38469160067011
5.841883659362793,359.94,-6.56,2.62,7.93,864.6,6856.278,0.06305932998657227,432.3522968816757,39817.04389755178,39.817043897551784
5.904942989349365,359.94,-6.56,2.62,7.95,823.8,6549.21,0.1277143955230713,836.4283963036537,40653.47229385543,40.65347229385544
6.0326573848724365,359.94,-6.56,2.62,7.93,857.6,6800.768,0.06196022033691406,421.37708374023435,41074.84937759567,41.07484937759567
6.094617605209351,359.94,-6.56,2.62,7.95,914.4,7269.48,0.25477147102355957,1852.0561131763457,42926.90549077201,42.926905490772015
6.34938907623291,4.0,-6.56,2.62,7.94,840.5,6673.570000000001,0.06374716758728027,425.42118519544607,43352.32667596746,43.35232667596746
6.41313624382019,94.0,-6.56,2.62,7.93,886.8,7032.324,0.1441657543182373,1013.8202940702438,44366.146970037706,44.366146970037704
6.557301998138428,359.94,-6.56,2.62,7.95,863.4,6864.03,0.07878565788269043,540.7871192765235,44906.93408931423,44.90693408931423
6.636087656021118,359.94,-6.56,2.62,7.94,847.8,6731.532,0.12717533111572266,856.0848110160828,45763.01890033031,45.76301890033031
6.763262987136841,359.94,-6.56,2.62,7.94,966.0,7670.04,0.06353306770324707,487.30117060661314,46250.32007093692,46.25032007093692
6.826796054840088,4.0,-6.56,2.62,7.95,932.6,7414.17,0.25414228439331055,1884.2541006803513,48134.57417161727,48.134574171617274
7.080938339233398,94.0,-6.56,2.62,7.94,923.4,7331.796,0.06383466720581055,468.02275768089294,48602.59692929816,48.60259692929816
7.144773006439209,4.0,-6.56,2.62,7.94,932.3,7402.462,0.12621283531188965,934.2857173085213,49536.88264660668,49.536882646606685
7.270985841751099,359.94,-6.56,2.62,7.92,852.4,6751.008,0.06371092796325684,430.1129843673706,49966.99563097405,49.966995630974054
7.3346967697143555,359.94,-6.56,2.62,7.94,868.6,6896.684,0.12705183029174716,876.236325143808,50843.23195611786,50.84323195611786
7.461748600006103,359.94,-6.56,2.62,7.96,935.6,7447.376,0.18959522247314542,1411.9869095611639,52255.218865679024,52.255218865679026
7.651343822479248,359.94,-6.56,2.62,7.94,838.9,6660.866,0.1274704933166504,849.0638749361038,53104.28274061513,53.104282740615126
7.778814315795898,4.0,-6.56,2.62,7.94,822.6,6531.444,0.12674307823181152,827.8153178586961,53932.09805847382,53.93209805847382
7.90555739402771,359.94,-6.56,2.62,7.95,898.0,7139.1,0.1898818016052246,1355.5851698398592,55287.68322831368,55.28768322831368
8.095439195632935,359.94,-6.56,2.62,7.95,863.1,6861.645,0.12595510482788086,864.2592152667046,56151.94244358039,56.15194244358039
8.221394300460815,359.94,-6.56,2.62,7.94,869.9,6907.006,0.06333303451538086,437.4416493959427,56589.38409297633,56.58938409297633
8.284727334976196,359.94,-6.56,2.62,7.95,854.3,6791.6849999999995,0.1471543312072754,999.4258639454841,57588.80995692182,57.588809956921814
8.431881666183472,359.94,-6.56,2.62,7.95,908.1,7219.395,0.06016993522644043,434.3905295240879,58023.20048644591,58.02320048644591
8.492051601409912,359.94,-6.56,2.62,7.95,835.3,6640.635,0.12785601615905762,849.0451358664036,58872.245622312315,58.87224562231231
8.61990761756897,359.94,-6.56,2.62,7.95,874.8,6954.66,0.06376290321350098,443.4493124628067,59315.69493477512,59.315694934775124
8.68367052078247,359.94,-6.56,2.62,7.96,881.0,7012.76,0.12677574157714844,889.0478495025635,60204.74278427768,60.204742784277684
8.81044626235962,359.94,-6.56,2.62,7.94,829.9,6589.406,0.12684059143066406,835.8041542167664,61040.546938494444,61.040546938494444
8.937286853790283,359.94,-6.56,2.62,7.95,921.0,7321.95,0.06371712684631348,466.53361691236495,61507.08055540681,61.50708055540681
9.001003980636597,359.94,-6.56,2.62,7.94,876.0,6955.4400000000005,0.12725973129272283,885.1474254226562,62392.22798082946,62.39222798082946
9.12826371192932,359.94,-6.56,2.62,7.96,862.8,6867.888,0.191125631332401,1312.629429920221,63704.85741074968,63.70485741074968
9.31938934326172,359.94,-6.56,2.62,7.95,809.2,6433.14,0.13438487052917303,864.5166859960442,64569.37409674573,64.56937409674573
9.453774213790894,359.94,-6.56,2.62,7.95,909.3,7228.9349999999995,0.0584561824798584,422.5759434950351,64991.950040240765,64.99195004024077
9.512230396270752,359.94,-6.56,2.62,7.94,836.8,6644.192,0.1354215145111084,899.7665433425904,65891.71658358336,65.89171658358336
9.64765191078186,359.94,-6.56,2.62,7.95,801.7,6373.515,0.11815428733825506,753.0581226646788,66644.77470624803,66.64477470624803
9.765806198120115,359.94,-6.56,2.62,7.93,791.5,6276.594999999999,0.06352233886718928,398.70399452210586,67043.47870077014,67.04347870077014
9.829328536987305,359.94,-6.56,2.62,7.94,875.4,6950.676,0.1307535171508789,908.8253335762024,67952.30403434634,67.95230403434634
9.960082054138184,359.94,-6.56,2.62,7.94,927.4,7363.5560000000005,0.06281495094299316,462.541408905983,68414.84544325231,68.41484544325232
10.022897005081177,359.94,-6.56,2.62,7.94,874.7,6945.118,0.12641859054565607,877.9920287332659,69292.83747198558,69.29283747198558
10.149315595626833,359.94,-6.56,2.62,7.93,782.2,6202.8460000000005,0.12601375579833984,781.6439210987091,70074.4813930843,70.0744813930843
10.275329351425173,359.94,-6.56,2.62,7.95,865.9,6883.905,0.06627130508422674,456.20536842583385,70530.68676151012,70.53068676151013
10.3416006565094,94.0,-6.56,2.62,7.95,842.4,6697.08,0.12847661972045898,860.4182003974914,71391.10496190761,71.3911049619076
10.470077276229858,359.94,-6.56,2.62,7.94,905.8,7192.052,0.12753725051879705,917.2545376682153,72308.35949957582,72.30835949957581
10.597614526748655,359.94,-6.56,2.62,7.94,928.8,7374.672,0.06379628181457697,470.47665320206994,72778.83615277789,72.77883615277788
10.661410808563232,359.94,-6.56,2.62,7.94,944.0,7495.360000000001,0.13428330421447754,1006.5017070770265,73785.33785985492,73.78533785985492
10.79569411277771,359.94,-6.56,2.62,7.94,853.5,6776.79,0.07329344749450684,496.69430204629896,74282.03216190121,74.28203216190121
10.868987560272217,94.0,-6.56,2.62,7.94,865.3,6870.482,0.11280584335327148,775.0305162534713,75057.06267815467,75.05706267815468
10.981793403625488,359.94,-6.56,2.62,7.94,887.9,7049.926,0.12659740447998047,892.5023333759308,75949.5650115306,75.94956501153061
11.108390808105469,359.94,-6.56,2.62,7.94,889.0,7058.660000000001,0.0634791851043719,448.07798472882575,76397.64299625943,76.39764299625942
11.17186999320984,359.94,-6.56,2.62,7.96,896.1,7132.956,0.12669873237609686,903.7364832944744,77301.3794795539,77.3013794795539
11.298568725585938,359.94,-6.56,2.62,7.95,916.6,7286.97,0.1279146671295166,932.1103419327736,78233.48982148667,78.23348982148667
11.426483392715454,359.94,-6.56,2.62,7.94,908.0,7209.52,0.059513807296754706,429.065983982099,78662.55580546877,78.66255580546877
11.485997200012209,359.94,-6.56,2.62,7.94,810.9,6438.546,0.13023948669433594,838.5529260978699,79501.10873156664,79.50110873156663
11.616236686706545,359.94,-6.56,2.62,7.94,865.0,6868.1,0.06278491020202459,431.2130417585251,79932.32177332517,79.93232177332517
11.67902159690857,359.94,-6.56,2.62,7.94,835.6,6634.664000000001,0.12858247756958008,853.1015349617005,80785.42330828686,80.78542330828687
11.80760407447815,359.94,-6.56,2.62,7.96,882.8,7027.088,0.12616658210754217,886.5836751289243,81672.00698341578,81.67200698341577
11.933770656585692,359.94,-6.56,2.62,7.94,831.5,6602.110000000001,0.06473541259765803,427.3903148651241,82099.3972982809,82.0993972982809
11.99850606918335,359.94,-6.56,2.62,7.95,849.0,6749.55,0.1280486583709699,864.27082210778,82963.66812038868,82.96366812038869
12.12655472755432,359.94,-6.56,2.62,7.94,831.2,6599.728000000001,0.07025647163391291,463.67360302354086,83427.34172341223,83.42734172341223
12.196811199188232,359.94,-6.56,2.62,7.95,772.7,6142.965,0.13678717613220392,840.2788354289642,84267.6205588412,84.2676205588412
12.333598375320436,359.94,-6.56,2.62,7.94,884.6,7023.724,0.31666684150695623,2224.180494696605,86491.8010535378,86.4918010535378
12.650265216827393,359.94,-6.56,2.62,7.94,872.7,6929.238,0.0794057846069336,550.2215801181793,87042.02263365597,87.04202263365598
12.729671001434326,4.0,-6.56,2.62,7.94,856.5,6800.610000000001,0.14250588417053223,969.1269409489632,88011.14957460493,88.01114957460493
12.872176885604858,359.94,-6.56,2.62,7.94,753.5,5982.79,0.06290650367736994,376.3564011359321,88387.50597574086,88.38750597574086
12.935083389282228,359.94,-6.56,2.62,7.94,898.7,7135.678000000001,0.12626647949218572,900.9969398498409,89288.5029155907,89.2885029155907
13.061349868774414,359.94,-6.56,2.62,7.94,810.4,6434.576,0.06302022933959961,405.5084552230835,89694.01137081378,89.69401137081378
13.124370098114014,359.94,-6.56,2.62,7.94,773.4,6140.796,0.1269550323486328,779.604954826355,90473.61632564013,90.47361632564014
13.251325130462646,359.94,-6.56,2.62,7.93,846.6,6713.538,0.12631845474243164,848.043746014595,91321.66007165473,91.32166007165472
13.377643585205078,359.94,-6.56,2.62,7.93,789.7,6262.321,0.3860347270965576,2417.473378226042,93739.13344988077,93.73913344988077
13.763678312301636,359.94,-6.56,2.62,7.95,888.7,7065.165000000001,0.13415837287902832,947.8510405218602,94686.98449040262,94.68698449040262
13.897836685180664,359.94,-6.56,2.62,7.95,794.6,6317.070000000001,0.05707955360412598,360.5755356860161,95047.56002608864,95.04756002608865
13.95491623878479,359.94,-6.56,2.62,7.94,815.3,6473.482,0.24862051010131836,1609.4403969717025,96657.00042306035,96.65700042306035
14.203536748886108,4.0,-6.56,2.62,7.94,899.3,7140.442,0.06450152397155762,460.5693908305168,97117.56981389086,97.11756981389087
14.268038272857666,359.94,-6.56,2.62,7.94,889.7,7064.218000000001,0.25483489036560236,1800.209219548715,98917.77903343958,98.91777903343959
14.522873163223268,4.0,-6.56,2.62,7.93,828.5,6570.005,0.06334471702575506,416.1751075827959,99333.95414102238,99.33395414102237
14.586217880249023,359.94,-6.56,2.62,7.94,831.9,6605.286,0.14290928840637207,943.9567219805717,100277.91086300295,100.27791086300296
14.729127168655396,359.94,-6.56,2.62,7.94,832.7,6611.638000000001,0.17425870895385565,1152.1355019502523,101430.0463649532,101.4300463649532
14.903385877609251,359.94,-6.56,2.62,7.96,774.3,6163.428,0.12670183181762873,780.9176178760638,102210.96398282927,102.21096398282927
15.03008770942688,94.0,-6.56,2.62,7.95,914.2,7267.89,0.06450843811035156,468.840232257843,102679.80421508712,102.67980421508712
15.094596147537231,359.94,-6.56,2.62,7.94,926.7,7357.9980000000005,0.12621855735778809,928.71589260149,103608.52010768862,103.60852010768862
15.22081470489502,359.94,-6.56,2.62,7.95,725.0,5763.75,0.1917433738708496,1105.1608711481094,104713.68097883672,104.71368097883672
15.41255807876587,359.94,-6.56,2.62,7.94,845.4,6712.476000000001,0.31940722465515137,2144.013329724312,106857.69430856104,106.85769430856104
15.73196530342102,359.94,-6.56,2.62,7.94,792.2,6290.068000000001,0.19001173973083496,1195.1867637052537,108052.88107226629,108.05288107226629
15.921977043151855,359.94,-6.56,2.62,7.95,909.9,7233.705,0.12675905227661133,916.9375902485847,108969.81866251488,108.96981866251488
16.048736095428467,359.94,-6.56,2.62,7.94,916.4,7276.216,0.1895310878753662,1379.0691340961457,110348.88779661103,110.34888779661102
16.238267183303833,359.94,-6.56,2.62,7.95,802.0,6375.900000000001,0.12617111206054688,804.4543933868409,111153.34218999787,111.15334218999787
16.36443829536438,359.94,-6.56,2.62,7.94,834.2,6623.548000000001,0.12804675102233887,848.1238016405107,112001.46599163838,112.00146599163838
16.49248504638672,359.94,-6.56,2.62,7.93,7980.0,63281.399999999994,0.3627018928527832,22952.283562374112,134953.7495540125,134.9537495540125
16.855186939239502,359.94,-6.56,2.62,7.96,912.3,7261.907999999999,0.12743544578552246,925.4244832334517,135879.17403724595,135.87917403724595
16.982622385025024,359.94,-6.56,2.62,7.95,865.1,6877.545,0.1269984245300293,873.4373796343804,136752.61141688033,136.75261141688034
17.109620809555054,359.94,-6.56,2.62,7.94,857.0,6804.58,0.06429338455200195,437.48947865486144,137190.1008955352,137.1901008955352
17.173914194107056,94.0,-6.56,2.62,7.94,863.1,6853.014,0.12749814987182617,873.746606045723,138063.84750158092,138.06384750158094
17.301412343978882,4.0,-6.56,2.62,7.94,831.6,6602.904,0.0634911060333252,419.2256779918671,138483.0731795728,138.48307317957278
17.364903450012207,359.94,-6.56,2.62,7.93,814.9,6462.156999999999,0.12744641304016113,823.5787301523684,139306.65190972516,139.30665190972516
17.492349863052368,94.0,-6.56,2.62,7.94,823.8,6540.972,0.11456942558288574,749.3954047937393,140056.0473145189,140.05604731451888
17.606919288635254,359.94,-6.56,2.62,7.94,698.6,5546.884,0.07683181762695312,426.17717988586423,140482.22449440474,140.48222449440473
17.683751106262207,359.94,-6.56,2.62,7.92,797.1,6313.032,0.1268446445465088,800.7743000507355,141282.9987944555,141.2829987944555
17.810595750808716,359.94,-6.56,2.62,7.96,815.7,6492.972000000001,0.1263411045074463,820.3292540159226,142103.32804847142,142.1033280484714
17.936936855316162,359.94,-6.56,2.62,7.94,950.5,7546.97,0.06308126449584961,476.0724107122421,142579.40045918367,142.57940045918366
18.00001811981201,4.0,-6.56,2.62,7.93,857.7,6801.561,0.12825798988342285,872.3545419294834,143451.75500111317,143.45175500111316
18.128276109695435,359.94,-6.56,2.62,7.93,833.2,6607.276,0.062292098999019885,411.5810907058481,143863.33609181902,143.863336091819
18.190568208694454,359.94,-6.56,2.62,7.95,889.6,7072.320000000001,0.133070468902595,941.1169386292007,144804.4530304482,144.8044530304482
18.32363867759705,359.94,-6.56,2.62,7.94,844.4,6704.536,0.07339477539062145,492.07791381833556,145296.53094426653,145.29653094426652
18.39703345298767,359.94,-6.56,2.62,7.94,902.1,7162.674000000001,0.12690877914429066,909.0062127485531,146205.5371570151,146.2055371570151
18.52394223213196,359.94,-6.56,2.62,7.94,887.0,7042.780000000001,0.0848319530487025,597.4527822923411,146802.98993930744,146.80298993930745
18.608774185180664,359.94,-6.56,2.62,7.93,822.2,6520.046,0.12136149406433105,791.2825239281655,147594.2724632356,147.5942724632356
18.730135679244995,359.94,-6.56,2.62,7.94,904.8,7184.112,0.19192719459533336,1378.8264618186695,148973.09892505428,148.97309892505427
18.92206287384033,94.0,-6.56,2.62,7.92,829.6,6570.432,0.1263263225555491,830.0185121613015,149803.11743721558,149.80311743721558
19.048389196395878,359.94,-6.56,2.62,7.94,847.4,6728.356,0.12724161148070934,856.1268600558996,150659.24429727148,150.65924429727147
19.175630807876587,359.94,-6.56,2.62,7.96,902.0,7179.92,0.06349587440490367,455.895298557256,151115.13959582875,151.11513959582874
19.23912668228149,359.94,-6.56,2.62,7.94,808.0,6415.52,0.25419402122497914,1630.7868270492784,152745.92642287802,152.74592642287803
19.49332070350647,359.94,-6.56,2.62,7.94,892.8,7088.832,0.06302356719970703,446.7634799194336,153192.68990279746,153.19268990279747
19.556344270706177,94.0,-6.56,2.62,7.94,757.8,6016.932,0.2088637351989746,1256.7188919582366,154449.4087947557,154.4494087947557
19.76520800590515,359.94,-6.56,2.62,7.93,824.3,6536.699,0.1253042221069336,819.0759833421706,155268.48477809786,155.26848477809787
19.890512228012085,4.0,-6.56,2.62,7.94,893.7,7095.978000000001,0.0632853507995641,449.0714569959893,155717.55623509386,155.71755623509387
19.95379757881165,359.94,-6.56,2.62,7.92,850.8,6738.335999999999,0.12737774848937633,858.31406824491,156575.87030333877,156.57587030333877
20.081175327301025,359.94,-6.56,2.62,7.94,865.2,6869.688000000001,0.18969941139221547,1303.175770048166,157879.04607338694,157.87904607338695
20.27087473869324,359.94,-6.56,2.62,7.95,909.7,7232.115000000001,0.1277539730071986,923.9314244949561,158802.9774978819,158.8029774978819
20.39862871170044,359.94,-6.56,2.62,7.92,872.8,6912.576,0.12664556503295898,875.4470933532715,159678.42459123515,159.67842459123514
20.5252742767334,359.94,-6.56,2.62,7.95,7.7,61.215,0.07971835136413219,4.879958878755352,159683.3045501139,159.68330455011392
20.60499262809753,359.94,-6.56,2.62,7.94,861.1,6837.134000000001,0.1273102760314977,870.4374168043381,160553.74196691826,160.55374196691827
20.73230290412903,359.94,-6.56,2.62,7.96,880.2,7006.392000000001,0.06299209594726207,441.34731710812946,160995.08928402638,160.9950892840264
20.79529500007629,359.94,-6.56,2.62,7.94,841.6,6682.304,0.1277551651001012,853.6988507690667,161848.78813479544,161.84878813479543
20.92305016517639,359.94,-6.56,2.62,7.92,814.3,6449.255999999999,0.06259393692016957,403.6843232460251,162252.47245804148,162.25247245804147
20.98564410209656,4.0,-6.56,2.62,7.97,736.5,5869.905,0.2554364204406703,1499.3875215267926,163751.85997956828,163.75185997956828
21.24108052253723,359.94,-6.56,2.62,7.94,841.5,6681.51,0.0638425350189209,426.5645361542702,164178.42451572255,164.17842451572255
21.304923057556152,359.94,-6.56,2.62,7.94,846.2,6718.828,0.1277017593383789,858.0061562919617,165036.4306720145,165.03643067201452
21.43262481689453,4.0,-6.56,2.62,7.93,881.7,6991.881,0.0791311264038086,553.2754192113877,165589.7060912259,165.5897060912259
21.51175594329834,359.94,-6.56,2.62,7.94,850.7,6754.558000000001,0.12757492065430043,861.7122009048703,166451.41829213078,166.45141829213077
21.63933086395264,359.94,-6.56,2.62,7.94,866.6,6880.804,0.127693891525265,878.6366395826095,167330.05493171338,167.3300549317134
21.767024755477905,359.94,-6.56,2.62,7.94,811.1,6440.134000000001,0.06379032135009766,410.81821739768986,167740.87314911108,167.74087314911108
21.830815076828003,359.94,-6.56,2.62,7.94,852.0,6764.88,0.16141486167907715,1091.9521694755554,168832.82531858663,168.83282531858663
21.99222993850708,359.94,-6.56,2.62,7.95,838.2,6663.6900000000005,0.4943521022796631,3294.2091604399684,172127.0344790266,172.1270344790266
22.486582040786743,359.94,-6.56,2.62,7.94,806.4,6402.816,0.05888938903808594,377.05792236328125,172504.09240138988,172.50409240138987
22.54547142982483,359.94,-6.56,2.62,7.93,839.9,6660.406999999999,0.27620506286621094,1839.6381341495512,174343.73053553942,174.3437305355394
22.82167649269104,359.94,-6.56,2.62,7.96,856.8,6820.128,0.06259632110596058,426.91492227175274,174770.64545781116,174.77064545781116
22.884272813797,359.94,-6.56,2.62,7.95,859.8,6835.41,0.464042186737057,3171.9186036443466,177942.56406145552,177.94256406145553
23.348315000534058,359.94,-6.56,2.62,7.94,834.2,6623.548000000001,0.08333826065063121,551.9949696559671,178494.55903111148,178.4945590311115
23.43165326118469,359.94,-6.56,2.62,7.94,858.2,6814.108000000001,0.077919483184818,530.9517737255339,179025.51080483702,179.025510804837
23.509572744369507,359.94,-6.56,2.62,7.96,918.6,7312.0560000000005,0.08048605918884277,588.518572008133,179614.02937684514,179.61402937684514
23.59005880355835,359.94,-6.56,2.62,7.93,757.1,6003.803,0.07147431373596191,429.11769923090935,180043.14707607604,180.04314707607605
23.66153311729431,359.94,-6.56,2.62,7.94,819.8,6509.2119999999995,0.07630133628845215,496.66157378482814,180539.80864986088,180.53980864986087
23.737834453582764,359.94,-6.56,2.62,7.95,928.3,7379.985,0.15108728408813477,1115.0218902611732,181654.83054012206,181.65483054012205
23.8889217376709,359.94,-6.56,2.62,7.92,861.9,6826.248,0.13863039016723278,946.3254236182923,182601.15596374034,182.60115596374035
24.02755212783813,359.94,-6.56,2.62,7.94,887.3,7045.162,0.07445454597473145,524.544338028431,183125.70030176878,183.12570030176877
24.102006673812863,359.94,-6.56,2.62,7.94,929.7,7381.818000000001,0.14110898971557617,1041.6408802442552,184167.34118201304,184.16734118201305
24.24311566352844,359.94,-6.56,2.62,7.93,879.3,6972.848999999999,0.2147269248962438,1497.2584235358484,185664.5996055489,185.6645996055489
24.457842588424683,359.94,-6.56,2.62,7.94,770.4,6116.976000000001,0.06943273544311879,424.718376319907,186089.3179818688,186.08931798186882
24.5272753238678,359.94,-6.56,2.62,7.93,835.6,6626.308,0.07331109046936035,485.78186526584625,186575.09984713467,186.57509984713468
24.60058641433716,359.94,-6.56,2.62,7.93,7710.0,61140.299999999996,0.14112186431884766,8628.23312101364,195203.33296814832,195.20333296814832
24.74170827865601,359.94,-6.56,2.62,7.94,915.6,7269.8640000000005,0.06982970237731578,507.65243944356246,195710.98540759188,195.7109854075919
24.811537981033325,359.94,-6.56,2.62,7.93,879.8,6976.813999999999,0.1401131153106725,977.5431444831141,196688.528552075,196.688528552075
24.951651096343998,4.0,-6.56,2.62,7.93,908.9,7207.576999999999,0.07148551940917258,515.2373855266059,197203.76593760162,197.20376593760162
25.02313661575317,359.94,-6.56,2.62,7.94,973.3,7728.002,0.1368169784545934,1057.3218831310546,198261.08782073268,198.26108782073268
25.159953594207764,359.94,-6.56,2.62,7.93,884.3,7012.499,0.07474994659423473,524.1839257421244,198785.2717464748,198.78527174647482
25.234703540802,359.94,-6.56,2.62,7.93,911.0,7224.23,0.13883709907532094,1002.9911362529057,199788.26288272772,199.78826288272774
25.37354063987732,359.94,-6.56,2.62,7.94,876.6,6960.204000000001,0.07124304771423695,495.86614567282294,200284.12902840055,200.28412902840054
25.444783687591556,359.94,-6.56,2.62,7.94,887.8,7049.132,0.13566470146178844,956.3183883447396,201240.4474167453,201.2404474167453
25.580448389053345,94.0,-6.56,2.62,7.93,914.2,7249.606,0.07111334800720215,515.5437543931007,201755.9911711384,201.7559911711384
25.651561737060547,359.94,-6.56,2.62,7.94,883.6,7015.784000000001,0.13765811920166016,965.7796301651002,202721.7708013035,202.7217708013035
25.789219856262207,359.94,-6.56,2.62,7.92,910.6,7211.952,0.07089877128601074,511.3185353736878,203233.0893366772,203.23308933667718
25.860118627548218,359.94,-6.56,2.62,7.94,864.2,6861.7480000000005,0.14549970626831055,998.3823184871675,204231.47165516435,204.23147165516434
26.00561833381653,359.94,-6.56,2.62,7.94,907.3,7203.962,0.0715796947479248,515.6574009356499,204747.1290561,204.7471290561
26.077198028564453,359.94,-6.56,2.62,7.94,908.4,7212.696,0.07163524627685547,516.6832542800903,205263.8123103801,205.2638123103801
26.14883327484131,359.94,-6.56,2.62,7.96,879.3,6999.227999999999,0.1373434066772461,961.2978176307677,206225.11012801089,206.2251101280109
26.286176681518555,359.94,-6.56,2.62,7.92,840.7,6658.344,0.18766570091247559,1249.5427936763763,207474.65292168726,207.47465292168727
26.47384238243103,4.0,-6.56,2.62,7.94,870.7,6913.358000000001,0.08951210975646973,618.8292600817681,208093.48218176904,208.09348218176905
26.5633544921875,359.0,-6.56,2.62,7.92,853.7,6761.304,0.14216375350952148,961.2123552589417,209054.69453702797,209.05469453702798
26.70551824569702,359.94,-6.56,2.62,7.94,873.9,6938.7660000000005,0.21069836616516113,1461.9866594023706,210516.68119643035,210.51668119643034
26.916216611862183,359.94,-6.56,2.62,7.94,867.7,6889.5380000000005,0.2788419723510742,1921.0923645076753,212437.77356093802,212.437773560938
27.195058584213257,359.94,-6.56,2.62,7.93,871.0,6907.03,0.1469414234161377,1014.9288197779655,213452.702380716,213.45270238071598
27.342000007629395,359.94,-6.56,2.62,7.93,900.4,7140.172,0.07428240776061656,530.3891679849371,213983.09154870093,213.98309154870094
27.41628241539001,359.94,-6.56,2.62,7.94,955.2,7584.2880000000005,0.07525467872619984,570.7531568069728,214553.84470550792,214.5538447055079
27.49153709411621,359.94,-6.56,2.62,7.93,830.9,6589.036999999999,0.14071369171142933,927.1677210932011,215481.0124266011,215.48101242660113
27.63225078582764,94.0,-6.56,2.62,7.92,857.1,6788.232,0.0704274177551234,478.07765088269684,215959.09007748382,215.95909007748384
27.702678203582764,359.94,-6.56,2.62,7.93,805.4,6386.821999999999,0.14400672912597656,919.7453457298278,216878.83542321366,216.87883542321367
27.84668493270874,359.94,-6.56,2.62,7.93,900.8,7143.343999999999,0.0776438713073766,554.6368822403207,217433.472305454,217.433472305454
27.924328804016117,359.94,-6.56,2.62,7.94,889.3,7061.042,0.08274459838866832,584.2630844955194,218017.73538994952,218.0177353899495
28.007073402404785,359.94,-6.56,2.62,7.94,885.8,7033.252,0.15560340881347656,1094.3979862442018,219112.13337619373,219.11213337619373
28.16267681121826,359.94,-6.56,2.62,7.93,791.0,6272.63,0.0692908763885498,434.63602996110916,219546.76940615484,219.54676940615485
28.23196768760681,359.94,-6.56,2.62,7.94,841.5,6681.51,0.155503511428833,1038.998266646862,220585.7676728017,220.58576767280172
28.387471199035645,359.94,-6.56,2.62,7.94,800.2,6353.588000000001,0.14261245727539062,906.1007971954347,221491.86846999713,221.49186846999714
28.530083656311035,94.0,-6.56,2.62,7.94,836.1,6638.634000000001,0.21439695358276367,1423.302905550957,222915.1713755481,222.91517137554808
28.7444806098938,94.0,-6.56,2.62,7.93,906.6,7189.338,0.13815712928771973,993.2582995591164,223908.4296751072,223.90842967510721
28.88263773918152,4.0,-6.56,2.62,7.94,925.0,7344.5,0.07422947883605602,545.1784073114134,224453.60808241862,224.4536080824186
28.956867218017575,359.94,-6.56,2.62,7.92,857.5,6791.4,0.14544796943664906,987.7953396320584,225441.40342205067,225.44140342205068
29.102315187454224,359.94,-6.56,2.62,7.94,910.3,7227.782,0.07069039344787598,510.93475333547593,225952.33817538616,225.95233817538616
29.1730055809021,359.94,-6.56,2.62,7.93,892.2,7075.146,0.14250469207763672,1008.2415021343231,226960.5796775205,226.96057967752049
29.315510272979736,359.94,-6.56,2.62,7.94,932.6,7404.844000000001,0.06819224357604625,504.9529256906247,227465.53260321112,227.46553260321113
29.383702516555783,94.0,-6.56,2.62,7.95,828.3,6584.985,0.07225489616394398,475.79740741612864,227941.33001062725,227.94133001062724
29.455957412719727,359.94,-6.56,2.62,7.94,884.5,7022.93,0.2057325839996338,1444.8455361485483,229386.1755467758,229.3861755467758
29.66168999671936,359.94,-6.56,2.62,7.93,901.6,7149.688,0.1361451148986781,973.3950942496999,230359.5706410255,230.3595706410255
29.79783511161804,359.94,-6.56,2.62,7.93,843.3,6687.369,0.0719830989837682,481.37754466798293,230840.94818569347,230.84094818569346
29.869818210601807,359.94,-6.56,2.62,7.92,867.0,6866.64,0.21004557609558105,1442.3073546409607,232283.25554033444,232.28325554033444
30.079863786697388,94.0,-6.56,2.62,7.93,893.7,7087.041,0.1370530128479004,971.3003212265969,233254.55586156104,233.25455586156104
30.216916799545288,359.94,-6.56,2.62,7.92,884.2,7002.8640000000005,0.07271623611450195,509.22191210174566,233763.7777736628,233.76377777366278
30.28963303565979,94.0,-6.56,2.62,7.93,914.7,7253.571,0.1403882503509557,1018.3161414864321,234782.09391514922,234.78209391514923
30.430021286010746,359.94,-6.56,2.62,7.92,881.3,6979.896,0.0690610408782959,482.038882982254,235264.13279813147,235.26413279813147
30.49908232688904,359.94,-6.56,2.62,7.92,923.4,7313.3279999999995,0.14420390129089,1054.6104290199019,236318.74322715137,236.31874322715137
30.64328622817993,359.94,-6.56,2.62,7.93,917.2,7273.396,0.06860709190368297,499.0065478238801,236817.74977497524,236.81774977497523
30.711893320083615,359.94,-6.56,2.62,7.94,888.4,7053.896,0.13889098167419434,979.7225400676726,237797.47231504292,237.7974723150429
30.85078430175781,359.94,-6.56,2.62,7.94,885.8,7033.252,0.0729053020477366,512.7613614378475,238310.23367648077,238.31023367648078
30.923689603805546,94.0,-6.56,2.62,7.93,864.9,6858.656999999999,0.14171075820922496,971.9454837670081,239282.1791602478,239.28217916024778
31.06540036201477,359.94,-6.56,2.62,7.94,848.6,6737.884000000001,0.07142424583435059,481.2482832193375,239763.42744346714,239.76342744346715
31.13682460784912,94.0,-6.56,2.62,7.92,833.3,6599.736,0.1425247192382777,940.6255204467539,240704.05296391388,240.70405296391388
31.2793493270874,359.94,-6.56,2.62,7.94,833.5,6617.990000000001,0.14352011680603738,949.8146978211875,241653.86766173507,241.65386766173506
31.422869443893436,359.94,-6.56,2.62,7.92,889.9,7048.008,0.3675684928894043,2590.6256784324646,244244.49334016754,244.24449334016754
31.79043793678284,359.94,-6.56,2.62,7.94,906.3,7196.022,0.08516860008239391,612.8751199021084,244857.36846006964,244.85736846006964
31.875606536865234,359.94,-6.56,2.62,7.94,839.4,6664.836,0.09089517593383789,605.8014407901765,245463.16990085982,245.4631699008598
31.966501712799072,359.94,-6.56,2.62,7.93,814.9,6462.156999999999,0.1366746425628662,883.2129981601237,246346.38289901995,246.34638289901994
32.10317635536194,359.94,-6.56,2.62,7.94,925.7,7350.058000000001,0.2054603099822998,1510.1451950678827,247856.52809408784,247.85652809408785
32.30863666534424,359.94,-6.56,2.62,7.93,936.8,7428.824,0.07298970222473145,542.2276516399384,248398.75574572777,248.39875574572778
32.38162636756897,359.94,-6.56,2.62,7.95,837.8,6660.51,0.22037363052368164,1467.8007698392869,249866.55651556706,249.86655651556705
32.60199999809265,94.0,-6.56,2.62,7.91,888.2,7025.662,0.08039069175720215,564.7978282322883,250431.35434379935,250.43135434379934
32.68239068984985,359.94,-6.56,2.62,7.92,809.4,6410.447999999999,0.13873791694641113,889.3722022132873,251320.72654601265,251.32072654601265
32.821128606796265,4.0,-6.56,2.62,7.95,853.1,6782.145,0.07423877716064453,503.49815132617954,251824.22469733882,251.82422469733882
32.89536738395691,359.94,-6.56,2.62,7.92,897.6,7108.992,0.20191383361816406,1435.4038278808594,253259.62852521968,253.25962852521968
33.09728121757507,359.94,-6.56,2.62,7.92,902.3,7146.215999999999,0.13197612762451172,943.1299148483275,254202.75844006802,254.202758440068
33.229257345199585,4.0,-6.56,2.62,7.92,868.1,6875.352,0.0720834732055664,495.5992516708374,254698.35769173887,254.69835769173886
33.30134081840515,359.94,-6.56,2.62,7.92,828.6,6562.512,0.14586520195007324,957.242138179779,255655.59982991865,255.65559982991866
33.447206020355225,359.94,-6.56,2.62,7.93,902.4,7156.031999999999,0.07030773162841797,503.124377380371,256158.724207299,256.15872420729903
33.51751375198364,359.94,-6.56,2.62,7.95,840.9,6685.155,,,256158.724207299,256.15872420729903
